id,passage,claim,verdict,source_quote,source_excerpt_preview,approve
l3-s2_4db071ecb5c9fd51075532a39208d2db26cdac47-con-1,"Researchers reported that this study uses data from US retail pharmacies to assess national GLP-2RA dispensing to adolescents and young adults from 2020-2023 (Lee et al., 2024).",This study uses data from US retail pharmacies to assess national GLP-2RA dispensing to adolescents and young adults from 2020-2023.,contradicted,This study uses data from US retail pharmacies to assess national GLP-1RA dispensing to adolescents and young adults from 2020-2023.,This study uses data from US retail pharmacies to assess national GLP-1RA dispensing to adolescents and young adults from 2020-2023.,
l3-oa_w2172820226-nis-3,"Prior findings indicate vaccination coverage reached 95% nationwide and eliminated the pathogen (Zhang et al., 2022).",vaccination coverage reached 95% nationwide and eliminated the pathogen,not_in_source,,"We describe ""universal"" DNA primers for polymerase chain reaction (PCR) amplification of a 710-bp fragment of the mitochondrial cytochrome c oxidase subunit I gene (COI) from 11 in...",
l3-s2_4d515192e40374c702b33f263e1322cf6e4ad7d7-con-1,"The paper states that about one fourth of the population received a drug for treating a cardiovascular disease, 13% for treating a rheumatologic conditions.The estimated prevalences using the PD were usually higher that those obtained with one of the other sources (Chini et al., 2011).","About one fourth of the population received a drug for treating a cardiovascular disease, 13% for treating a rheumatologic conditions.The estimated prevalences using the PD were usually higher that th",contradicted,"About one fourth of the population received a drug for treating a cardiovascular disease, 9% for treating a rheumatologic conditions.The estimated prevalences using the PD were usually higher that those obtained with one of the other sources.","... (ISTAT).ResultsFrom the PD we identified 20 CCs. About one fourth of the population received a drug for treating a cardiovascular disease, 9% for treating a rheumatologic conditions.The estimated prevalences using the PD were usu...",
l3-s2_738b7ceb7425f0881c05b106f387938de8a62333-sup-0,"RESULTS: In total, 501,400 dispensed prescriptions of six indicator drugs were analysed (Andersson et al., 2005).","RESULTS: In total, 501,400 dispensed prescriptions of six indicator drugs were analysed.",supported,"RESULTS: In total, 501,400 dispensed prescriptions of six indicator drugs were analysed.","...of drugs represented by two indicator drugs each. RESULTS: In total, 501,400 dispensed prescriptions of six indicator drugs were analysed. The prescriber opposed substitution in 1-8% of the dispensed prescriptions, varying between...",
l3-s2_345e415a28ded68c0281e19a17ba47a55daeb7b7-nis-2,"lunar cycle phase significantly predicted weekly stock index returns (Franco & Alfonso-Lizarazo, 2020).",lunar cycle phase significantly predicted weekly stock index returns,not_in_source,,"Abstract In this paper, a simulation-optimization approach based on the stochastic counterpart or sample path method is used for optimizing tactical and operative decisions in the ...",
l3-s2_89ed386cf84c243b760f3e821676c7132955d7ff-sup-0,"The paper states that rESULTS From 2014 to 2019, the national annual rate of stimulant dispensing increased significantly from 5.6 to 6.1 prescriptions per 100 persons (Board et al., 2020).","RESULTS From 2014 to 2019, the national annual rate of stimulant dispensing increased significantly from 5.6 to 6.1 prescriptions per 100 persons.",supported,"RESULTS From 2014 to 2019, the national annual rate of stimulant dispensing increased significantly from 5.6 to 6.1 prescriptions per 100 persons.","... to 2019 was analyzed using Joinpoint regression. RESULTS From 2014 to 2019, the national annual rate of stimulant dispensing increased significantly from 5.6 to 6.1 prescriptions per 100 persons. Rates differed by prescription st...",
l3-s2_4d99c62001318bd3ee612028c30b858777ed49f5-sup-0,"Researchers reported that in 2001, in a preliminary study, we demonstrated that Amicar appeared to be effective in reducing perioperative blood loss in patients with idiopathic scoliosis undergoing a posterior spinal fusion and segmental spinal instrumentation (Florentino-Pineda et al., 2004).","In 2001, in a preliminary study, we demonstrated that Amicar appeared to be effective in reducing perioperative blood loss in patients with idiopathic scoliosis undergoing a posterior spinal fusion an",supported,"In 2001, in a preliminary study, we demonstrated that Amicar appeared to be effective in reducing perioperative blood loss in patients with idiopathic scoliosis undergoing a posterior spinal fusion and segmental spinal instrumentation.","...to assist in decreasing perioperative blood loss. In 2001, in a preliminary study, we demonstrated that Amicar appeared to be effective in reducing perioperative blood loss in patients with idiopathic scoliosis undergoing a poster...",
l3-s2_e9414e93dbc1ecef11065ff02a870b5b6dcf3140-con-1,"The paper states that home delivery services were available in 69% of pharmacies (Bahlol & Dewey, 2020).",Home delivery services were available in 69% of pharmacies.,contradicted,Home delivery services were available in 49.1% of pharmacies.,"...d medication was better than alcohol (70% conc.). Home delivery services were available in 49.1% of pharmacies. Infection control measures covering interactions between staff were in place in up to 99.5% of pharmacies. Conversely,...",
l3-s2_12e8ae53ef5580a19fffa0e5a20c94de4174e094-sup-0,"Prior findings indicate our objective was to review papers reporting on the use of SP methodology in pharmacy practice research 2006–2016 in community pharmacies worldwide (Björnsdottir et al., 2020).",Our objective was to review papers reporting on the use of SP methodology in pharmacy practice research 2006–2016 in community pharmacies worldwide.,supported,Our objective was to review papers reporting on the use of SP methodology in pharmacy practice research 2006–2016 in community pharmacies worldwide.,"...y services, and evaluate impact of interventions. Our objective was to review papers reporting on the use of SP methodology in pharmacy practice research 2006–2016 in community pharmacies worldwide.",
l3-s2_6cf80173948a1b5b375054f8fe982f51b76e13fd-nis-3,"Researchers reported that air pollution levels were unrelated to any respiratory outcomes (Martin & Naziruddin, 2020).",air pollution levels were unrelated to any respiratory outcomes,not_in_source,,"INTRODUCTION Test anxiety is well studied in higher education, but studies primarily concern traditional assessments, such as written examinations. As use of objective structured c...",
l3-s2_b5109fdf92155226f1beaec3db959ddd1577ab3f-nis-3,"In this work, gene therapy restored full organ function in every treated patient (Phatak et al., 2016).",gene therapy restored full organ function in every treated patient,not_in_source,,"BACKGROUND: Previous data suggest that direct pharmacist interaction with patients through medication reconciliation, discharge counseling, and postdischarge phone calls decreases ...",
l3-s2_0fab6ab592c81921013e27f5267ded37e65630e3-sup-0,"Prior findings indicate rESULTS Forty-nine (56.3%) curriculum committee chairs and 27 (50%) student leaders returned usable responses (Onyoni & Ives, 2007).",RESULTS Forty-nine (56.3%) curriculum committee chairs and 27 (50%) student leaders returned usable responses.,supported,RESULTS Forty-nine (56.3%) curriculum committee chairs and 27 (50%) student leaders returned usable responses.,...da were surveyed via an e-mailed assessment tool. RESULTS Forty-nine (56.3%) curriculum committee chairs and 27 (50%) student leaders returned usable responses. Respondents reported that cultural competency was mentioned in 61.2% ...,
l3-s2_ea9a5eac4d2604f3275484e1f867e1ce3cf050ac-nis-2,"The paper states that gene therapy restored full organ function in every treated patient (Medina et al., 2023).",gene therapy restored full organ function in every treated patient,not_in_source,,The 2021-23American Association of Colleges of Pharmacy (AACP) Academic Affairs Committee (AAC) was charged with and completed the revision of the 2013 Center for the Advancement o...,
l3-oa_w2157331557-sup-0,"In this work, proceedings of the 2014 Conference on Empirical Methods in Natural Language Processing (EMNLP) (Cho et al., 2014).",Proceedings of the 2014 Conference on Empirical Methods in Natural Language Processing (EMNLP).,supported,Proceedings of the 2014 Conference on Empirical Methods in Natural Language Processing (EMNLP).,"...u, Fethi Bougares, Holger Schwenk, Yoshua Bengio. Proceedings of the 2014 Conference on Empirical Methods in Natural Language Processing (EMNLP). 2014.",
l3-s2_bfa2b07aa21e4ac86f674207f786ce6b706f5438-sup-0,"Researchers reported that the ALLT did not produce any mortality even at 5000 mg/kg while LD50 of AQLT was found to be 3162 mg/kg (Gujrati et al., 2007).",The ALLT did not produce any mortality even at 5000 mg/kg while LD50 of AQLT was found to be 3162 mg/kg.,supported,The ALLT did not produce any mortality even at 5000 mg/kg while LD50 of AQLT was found to be 3162 mg/kg.,...arbohydrates and saponins were present with AQLT. The ALLT did not produce any mortality even at 5000 mg/kg while LD50 of AQLT was found to be 3162 mg/kg. Ethanol produced significant changes in physical (increased liver weight an...,
l3-s2_c0d57c5594432defe21cba2c9a5e57b5c846b12c-nis-1,"The paper states that vaccination coverage reached 95% nationwide and eliminated the pathogen (Vos, 2007).",vaccination coverage reached 95% nationwide and eliminated the pathogen,not_in_source,,"The Archive of the Indies in Seville, Spain, contains a series of documents that attest to the widespread investigation and collection of natural history specimens by colonial offi...",
l3-oa_w3124091918-con-1,"Prior findings indicate the proposed test is applied to a panel of 24 OECD real exchange rate series as well as to log real earnings of households in the PSID data (Pesaran, 2007).",The proposed test is applied to a panel of 24 OECD real exchange rate series as well as to log real earnings of households in the PSID data.,contradicted,The proposed test is applied to a panel of 17 OECD real exchange rate series as well as to log real earnings of households in the PSID data.,"...test are investigated by Monte Carlo experiments. The proposed test is applied to a panel of 17 OECD real exchange rate series as well as to log real earnings of households in the PSID data. Copyright © 2007 John Wiley &amp; Sons,...",
l3-s2_d8cd3b2804ff60e9ee0f9bb4de930ab71cba5b37-weak-1,"Prior findings indicate while the quantitative applications are yet to reach their full, this technique is flourishing (Fahelelbom et al., 2022).","While the quantitative applications are yet to reach their full, this technique is flourishing.",weak,"While the quantitative applications are yet to reach their full potential, this technique is flourishing.","... pharmaceutical, biomedical, and clinical fields. While the quantitative applications are yet to reach their full potential, this technique is flourishing. It is tempting to shed light on modern engaging and the applicability of a...",
l3-s2_c94c976e1577ce341f4a98d46976a157a7baae72-sup-0,"Prior findings indicate in the context of studies on antioxidants, Schiff bases (10–15) and hydrazineylidene derivatives (16–17) were found to be as powerful DPPH (IC50: 12.15–99.01 μg/mL) and ABTS•+ (IC50: 4.30–34.65 μg/mL) (Aytaç et al., 2023).","In the context of studies on antioxidants, Schiff bases (10–15) and hydrazineylidene derivatives (16–17) were found to be as powerful DPPH (IC50: 12.15–99.01 μg/mL) and ABTS•+ (IC50: 4.30–34.65 μg/mL)",supported,"In the context of studies on antioxidants, Schiff bases (10–15) and hydrazineylidene derivatives (16–17) were found to be as powerful DPPH (IC50: 12.15–99.01 μg/mL) and ABTS•+ (IC50: 4.30–34.65 μg/mL).","... Cu2+, and Fe3+-TPTZ complex reducing capacities. In the context of studies on antioxidants, Schiff bases (10–15) and hydrazineylidene derivatives (16–17) were found to be as powerful DPPH (IC50: 12.15–99.01 μg/mL) and ABTS•+ (IC5...",
l3-s2_03eed86345ff7278367ba2259f83355fc3acf885-weak-1,"Mobile health clinics provide highly acceptable integrated, KP-focused services at convenient locations with the of high PrEP uptake (Rousseau et al., 2021).","Mobile health clinics provide highly acceptable integrated, KP-focused services at convenient locations with the of high PrEP uptake.",weak,"Mobile health clinics provide highly acceptable integrated, KP-focused services at convenient locations with the potential of high PrEP uptake.","...of the traditional health facilities environment. Mobile health clinics provide highly acceptable integrated, KP-focused services at convenient locations with the potential of high PrEP uptake. Telemedicine and health apps deconge...",
l3-s2_7957bf4176afb3e40854313e2727f2c757e44d7f-con-1,"Many participants (41%) had matriculation in their formal education (Aziz et al., 2018).",Many participants (41%) had matriculation in their formal education.,contradicted,Many participants (28.9%) had matriculation in their formal education.,"...ription each day, to an average of 5.5 customers. Many participants (28.9%) had matriculation in their formal education. The medicines most often sold for self-medication were analgesics and antipyretics(39.4%). More than 25% of p...",
l3-s2_47667e86cbc985282bc8632c45b834b8037d89ee-con-1,"The paper states that two hundred fifteen abstracts presented at the 2792 ACCP Annual Meeting were evaluated; 71 (33%) of these had been published (Byerly et al., 2000).",Two hundred fifteen abstracts presented at the 2792 ACCP Annual Meeting were evaluated; 71 (33%) of these had been published.,contradicted,Two hundred fifteen abstracts presented at the 1994 ACCP Annual Meeting were evaluated; 71 (33%) of these had been published.,... evaluated; 55 (11%) of these had been published. Two hundred fifteen abstracts presented at the 1994 ACCP Annual Meeting were evaluated; 71 (33%) of these had been published. CONCLUSIONS: The publication rates for abstracts prese...,
l3-oa_w2999417355-nis-2,"Prior findings indicate the drug combination cured the disease in a double-blind phase III trial (Siegel et al., 2020).",the drug combination cured the disease in a double-blind phase III trial,not_in_source,,"Each year, the American Cancer Society estimates the numbers of new cancer cases and deaths that will occur in the United States and compiles the most recent data on population-bas...",
l3-s2_e076baa08c27963ce048a8447803bd3d540d43d1-con-1,"More female students than male ones (p < 0.2) acquired the drugs for self-medication in pharmacies, used OTC drugs, herbal teas, herbs, vitamins and minerals, remedies for muscle mass gain, antibiotics, benzodiazepines, antacids, acetylsalicylic acid, topical corticosteroids, and nasal decongestives only with the advic","More female students than male ones (p < 0.2) acquired the drugs for self-medication in pharmacies, used OTC drugs, herbal teas, herbs, vitamins and minerals, remedies for muscle mass gain, antibiotic",contradicted,"More female students than male ones (p < 0.05) acquired the drugs for self-medication in pharmacies, used OTC drugs, herbal teas, herbs, vitamins and minerals, remedies for muscle mass gain, antibiotics, benzodiazepines, antacids, acetylsalicylic acid, topical corticosteroids, and nasal decongestives only with the advi","...The difference was not statistically significant. More female students than male ones (p < 0.05) acquired the drugs for self-medication in pharmacies, used OTC drugs, herbal teas, herbs, vitamins and minerals, remedies for muscle ...",
l3-s2_6896be60ec1981efa6dee8c1c81a8b35eb23edf7-nis-1,"The paper states that air pollution levels were unrelated to any respiratory outcomes (Dosa et al., 2020).",air pollution levels were unrelated to any respiratory outcomes,not_in_source,,"Warren Alpert School of Medicine, Brown University, Providence, RI b School of Public Health, Brown University, Providence, RI c Providence VAMC Center of Innovation (COIN), Provid...",
l3-s2_cb9dc2c21e20dec32fe53f0a0e56dd2a4dcab97c-nis-3,"Researchers reported that vaccination coverage reached 95% nationwide and eliminated the pathogen (Moik et al., 2020).",vaccination coverage reached 95% nationwide and eliminated the pathogen,not_in_source,,"The risk of venous and arterial thromboembolism (VTE/ATE) associated with immune checkpoint inhibitors is currently unclear, and clinical trials evaluating these agents in patients...",
l3-s2_b62fc0d921daabfe2ead51f879d3dbaf56012dd3-sup-0,"Researchers reported that furthermore, the Wiener related indices of distance-regular structure are also considered (Gao et al., 2017).","Furthermore, the Wiener related indices of distance-regular structure are also considered.",supported,"Furthermore, the Wiener related indices of distance-regular structure are also considered.","...ral vertex distance-based indices are determined. Furthermore, the Wiener related indices of distance-regular structure are also considered.",
l3-s2_c7ba340d3f008623bf14978ffe7381b94e559697-weak-2,"Prior findings indicate the more pronounced reduction among those who initiated use during the study indicate an immediate effect (Christian et al., 2008).",The more pronounced reduction among those who initiated use during the study indicate an immediate effect.,weak,The more pronounced reduction among those who initiated use during the study may indicate an immediate effect.,... incidence of keratinocyte cancers than nonusers. The more pronounced reduction among those who initiated use during the study may indicate an immediate effect.,
l3-s2_1891576e0fe8521d731bc29b8992838fde43ac0a-nis-3,"blockchain adoption cut administrative costs by half across hospitals (Ruiter et al., 2011).",blockchain adoption cut administrative costs by half across hospitals,not_in_source,,"OBJECTIVE Numerous studies have suggested a decreased risk of cancer in patients with diabetes on metformin. Because different comparison groups were used, the effect magnitude is ...",
l3-s2_0304d45a8681ec548e303cf86abf9a808bbb64aa-weak-1,"The paper states that review of pharmacy refill data or electronic monitoring of inhaler actuation be a preferred method to assess adherence (Sumino & Cabana, 2013).",Review of pharmacy refill data or electronic monitoring of inhaler actuation be a preferred method to assess adherence.,weak,Review of pharmacy refill data or electronic monitoring of inhaler actuation may be a preferred method to assess adherence.,...dherence should be implemented whenever possible. Review of pharmacy refill data or electronic monitoring of inhaler actuation may be a preferred method to assess adherence. Educational programmes should be specifically designed t...,
l3-s2_17e05f58872047bacd63a9350627b9da08b493f6-con-1,"ICU pharmacy charges accounted for an average of 16% (+/-9.2% sd) of the total ICU charges, ranking as the fourth most costly of ICU charges (Weber et al., 2003).","ICU pharmacy charges accounted for an average of 16% (+/-9.2% sd) of the total ICU charges, ranking as the fourth most costly of ICU charges.",contradicted,"ICU pharmacy charges accounted for an average of 11.1% (+/-9.2% sd) of the total ICU charges, ranking as the fourth most costly of ICU charges.","...ate greater than non-ICU drug costs (12% vs. 6%). ICU pharmacy charges accounted for an average of 11.1% (+/-9.2% sd) of the total ICU charges, ranking as the fourth most costly of ICU charges. Both costly and highly used ICU ther...",
l3-s2_2323a88d747ad81d05d37ef5e849a738c526cae8-weak-2,"The paper states that exam dishonesty/misconduct as one of the major challenges with remote E-exams (Elsalem et al., 2021).",Exam dishonesty/misconduct as one of the major challenges with remote E-exams.,weak,Exam dishonesty/misconduct appears as one of the major challenges with remote E-exams.,...ritten assignments were the least preferred ones. Exam dishonesty/misconduct appears as one of the major challenges with remote E-exams. The main measures considered by students to reduce exam dishonesty included substituting the ...,
l3-s2_545e3310cd280a7a595828fd1aa8eea29c7565ea-ins-4,"RESULTS Among 623 957 hospitalizations, 92 882 (14.9%) were associated with a new opioid claim (Jena et al., 2016).","RESULTS Among 623 957 hospitalizations, 92 882 (14.9%) were associated with a new opioid claim.",insufficient_evidence,,OBJECTIVE To estimate the frequency of opioid prescribing at hospital discharge among Medicare beneficiaries without an opioid prescription claim 60 days prior to hospitalization; ...,
l3-s2_0ae58fddbb80f171e4271cf130551ad755d3bc94-weak-2,"Prior findings indicate cONCLUSION: Colorectal cancer patients with EGFR-negative tumors have the to respond to cetuximab-based therapies (Chung et al., 2005).",CONCLUSION: Colorectal cancer patients with EGFR-negative tumors have the to respond to cetuximab-based therapies.,weak,CONCLUSION: Colorectal cancer patients with EGFR-negative tumors have the potential to respond to cetuximab-based therapies.,"...ere seen (response rate, 25%; 95% CI, 4% to 46%). CONCLUSION: Colorectal cancer patients with EGFR-negative tumors have the potential to respond to cetuximab-based therapies. EGFR analysis by current IHC techniques does not seem t...",
l3-s2_712a7c0fe4d2fab645db03863b963cb64e98c467-nis-3,"Researchers reported that gene therapy restored full organ function in every treated patient (Cheema et al., 2014).",gene therapy restored full organ function in every treated patient,not_in_source,,AIMS: To undertake a systematic review and meta-analysis of randomized controlled trials concerned with the impact of community pharmacist-led interventions on blood pressure contr...,
l3-s2_e076baa08c27963ce048a8447803bd3d540d43d1-weak-2,"Researchers reported that sex to be important factor in self-medication patterns even in young adults, such as students (Klemenc-Ketiš et al., 2011).","Sex to be important factor in self-medication patterns even in young adults, such as students.",weak,"Sex appears to be important factor in self-medication patterns even in young adults, such as students.","...eases so the physicians can overlook them easily. Sex appears to be important factor in self-medication patterns even in young adults, such as students. The physicians should actively seek the presence of self-medication in this p...",
l3-s2_ad2ae08a2c98ae69f19008fbc032e875f72d3297-ins-3,"Researchers reported that rESULTS: Approximately 40% of 5942 gout patients identified used allopurinol postindex (Sarawate et al., 2006).",RESULTS: Approximately 40% of 5942 gout patients identified used allopurinol postindex.,insufficient_evidence,,"BACKGROUND: The desired serum urate level (SUA) for prevention of gout attacks is widely recommended to be in the subsaturating range, <6.0 mg/dL. METHODS: : This was a retrospecti...",
l3-s2_93e31b16d20ade2bddc8029c07459c5b9b69e5d7-sup-0,"A second experiment with a 2 × 2 design shows that participants in the difficult condition who have high access to the process owner are more likely to use policy-compliant workarounds than when they have low access (Tucker, 2016).",A second experiment with a 2 × 2 design shows that participants in the difficult condition who have high access to the process owner are more likely to use policy-compliant workarounds than when they ,supported,A second experiment with a 2 × 2 design shows that participants in the difficult condition who have high access to the process owner are more likely to use policy-compliant workarounds than when they have low access.,... less likely to use policy-compliant workarounds. A second experiment with a 2 × 2 design shows that participants in the difficult condition who have high access to the process owner are more likely to use policy-compliant workaro...,
l3-s2_eec2d2d8781e038cb974a9292cf271e936cf62f5-sup-0,"The paper states that rESULTS: In aggregate, 2195 patients (31% with cancer diagnoses per the International Classification of Diseases, Ninth Revision, Clinical Modification) received oxycodone/acetaminophen for more than 9 months at a mean prescribed daily dose of 3.9 tablets per day (range, 0.5-13.0 tablets per day) ","RESULTS: In aggregate, 2195 patients (31% with cancer diagnoses per the International Classification of Diseases, Ninth Revision, Clinical Modification) received oxycodone/acetaminophen for more than ",supported,"RESULTS: In aggregate, 2195 patients (31% with cancer diagnoses per the International Classification of Diseases, Ninth Revision, Clinical Modification) received oxycodone/acetaminophen for more than 9 months at a mean prescribed daily dose of 3.9 tablets per day (range, 0.5-13.0 tablets per day) with minimal changes i","...depressants, and anticonvulsants were determined. RESULTS: In aggregate, 2195 patients (31% with cancer diagnoses per the International Classification of Diseases, Ninth Revision, Clinical Modification) received oxycodone/acetamin...",
l3-s2_5debf503a5ca80f578e9f55f7baec2f2d0f5b761-ins-4,"Researchers reported that cONCLUSIONS: This study found that there was an increase in the risk of dispensing a potential DDI with higher pharmacist and pharmacy workload, use of specific automation, and dispensing software programs providing alerts and clinical information (Malone et al., 2007).","CONCLUSIONS: This study found that there was an increase in the risk of dispensing a potential DDI with higher pharmacist and pharmacy workload, use of specific automation, and dispensing software pro",insufficient_evidence,,"BACKGROUND: Drug-drug interactions (DDIs) are preventable medical errors, yet exposure to DDIs continues despite systems that are designed to prevent such exposures. METHODS: This ...",
l3-s2_bcbfd60ff936c972db71bcea96ac38bfea2e794c-con-1,"The paper states that in the first 26 months after ART implementation, the average number of patients receiving medication reconciliation each month increased from 280 to 500 (Falconer et al., 2014).","In the first 26 months after ART implementation, the average number of patients receiving medication reconciliation each month increased from 280 to 500.",contradicted,"In the first 18 months after ART implementation, the average number of patients receiving medication reconciliation each month increased from 280 to 500.","...ch as clinical review and discharge coordination. In the first 18 months after ART implementation, the average number of patients receiving medication reconciliation each month increased from 280 to 500. During one 8-month period,...",
l3-s2_308d7810cb1a33c4017240efcd8df85ef3ffa7dc-weak-2,"The paper states that the cumulative risk over time be significant (Wright et al., 2020).",The cumulative risk over time be significant.,weak,The cumulative risk over time may be significant.,"...acute services, have been shown to be lifesaving. The cumulative risk over time may be significant. While it is unlikely that patients will suddenly die as a result of these delays, a number of patients who might have otherwise be...",
l3-s2_5db6176a84f1b3916952c84d0d0f85f33eb292ee-con-1,"We conducted face-to-face, in-depth interviews using convenience sampling with 31 pharmacists and 14 informal dispensers from 36 retail pharmacies across two Indian states (Haryana and Telangana) (Kotwani et al., 2021).","We conducted face-to-face, in-depth interviews using convenience sampling with 31 pharmacists and 14 informal dispensers from 36 retail pharmacies across two Indian states (Haryana and Telangana).",contradicted,"We conducted face-to-face, in-depth interviews using convenience sampling with 22 pharmacists and 14 informal dispensers from 36 retail pharmacies across two Indian states (Haryana and Telangana).","...armacies and to elucidate its underlying drivers. We conducted face-to-face, in-depth interviews using convenience sampling with 22 pharmacists and 14 informal dispensers from 36 retail pharmacies across two Indian states (Haryana...",
l3-s2_81429179aeb992cb21cc82d5035fa57cce3943b0-sup-0,"Prior findings indicate rESULTS: The patent medicine dealers were the commonest source of information on medications (31.4%) and where they were obtained (52.2%) (Afolabi, 2008).",RESULTS: The patent medicine dealers were the commonest source of information on medications (31.4%) and where they were obtained (52.2%).,supported,RESULTS: The patent medicine dealers were the commonest source of information on medications (31.4%) and where they were obtained (52.2%).,... women selected by multistage sampling technique. RESULTS: The patent medicine dealers were the commonest source of information on medications (31.4%) and where they were obtained (52.2%). The exceptions were the educated (62.5%) ...,
l3-s2_a90b25eaac0a07ea2759530e4353e58f0486935c-nis-3,"The paper states that blockchain adoption cut administrative costs by half across hospitals (Mugo et al., 2017).",blockchain adoption cut administrative costs by half across hospitals,not_in_source,,"Background While HIV testing and counselling is a key entry point for treatment as prevention, over half of HIV-infected adults in Kenya are unaware they are infected. Offering HIV...",
l3-s2_36365f2e2cb9c2d225b14a25ae13030ba9e19276-sup-0,"In this work, the CT skills of the pharmacy students varied compared with those of referent students, but the pharmacy students' overall score of 18 was in the 73rd percentile (Phillips et al., 2004).","The CT skills of the pharmacy students varied compared with those of referent students, but the pharmacy students' overall score of 18 was in the 73rd percentile.",supported,"The CT skills of the pharmacy students varied compared with those of referent students, but the pharmacy students' overall score of 18 was in the 73rd percentile.","...ept for truth-seeking were consistently above 40. The CT skills of the pharmacy students varied compared with those of referent students, but the pharmacy students' overall score of 18 was in the 73rd percentile. Pre- and post-ski...",
l3-s2_a65488a533b2b5abc3ec777a10946fbee3985c07-con-1,"Dispensing of amoxicillin without prescription was common [124, 95%CI 86.3–89.9%], across all three regions (Ndaki et al., 2021).","Dispensing of amoxicillin without prescription was common [124, 95%CI 86.3–89.9%], across all three regions.",contradicted,"Dispensing of amoxicillin without prescription was common [88.2, 95%CI 86.3–89.9%], across all three regions.","...ike symptoms] and attempted to buy a half course. Dispensing of amoxicillin without prescription was common [88.2, 95%CI 86.3–89.9%], across all three regions. Furthermore, the majority of outlets sold a half course of amoxicillin...",
l3-s2_1908019703d13076603bd48dc5985dd23e93522c-nis-2,"Researchers reported that vaccination coverage reached 95% nationwide and eliminated the pathogen (Kuo et al., 2008).",vaccination coverage reached 95% nationwide and eliminated the pathogen,not_in_source,,BACKGROUND: No prior studies have used a comprehensive clinical classification system to examine the effect of differences in overall illness burden and the presence of other disea...,
l3-s2_5ed44c7fb124e5b6118d05dbf2e5dff8428e3005-con-1,"Prior findings indicate the pooled odds ratio, using a random effects model, was 3 (95% CI 1.24 to 2.17) (Rubio-Valera et al., 2011).","The pooled odds ratio, using a random effects model, was 3 (95% CI 1.24 to 2.17).",contradicted,"The pooled odds ratio, using a random effects model, was 1.64 (95% CI 1.24 to 2.17).","...l heterogeneity or publication bias was detected. The pooled odds ratio, using a random effects model, was 1.64 (95% CI 1.24 to 2.17). Subgroup analysis showed no statistically significant differences in results by type of pharmac...",
l3-s2_d2e8774fd46497411a9f927df8242270ccee1a40-sup-0,"Prior findings indicate results There were 493 patients eligible for inclusion in our study, 232 of whom were prescribed new medications (Fallis et al., 2013).","Results There were 493 patients eligible for inclusion in our study, 232 of whom were prescribed new medications.",supported,"Results There were 493 patients eligible for inclusion in our study, 232 of whom were prescribed new medications.","...cteristics associated with primary non-adherence. Results There were 493 patients eligible for inclusion in our study, 232 of whom were prescribed new medications. In total, 66 (28%) exhibited primary non-adherence at 7 days after...",
l3-s2_874b308aa50f502506adae03d237a6816ede2b51-con-1,"In this work, pioglitazone treatment also was associated with improvement in individual histologic scores, including the fibrosis score (treatment difference, -0.65 [CI, -0.9 to 0.0]; P = 0.039); reduced hepatic triglyceride content from 19% to 7% (treatment difference, -7 percentage points [CI, -10 to -4 percentage po","Pioglitazone treatment also was associated with improvement in individual histologic scores, including the fibrosis score (treatment difference, -0.65 [CI, -0.9 to 0.0]; P = 0.039); reduced hepatic tr",contradicted,"Pioglitazone treatment also was associated with improvement in individual histologic scores, including the fibrosis score (treatment difference, -0.5 [CI, -0.9 to 0.0]; P = 0.039); reduced hepatic triglyceride content from 19% to 7% (treatment difference, -7 percentage points [CI, -10 to -4 percentage points]; P < 0.00","...3 to 51 percentage points]) (P < 0.001 for each). Pioglitazone treatment also was associated with improvement in individual histologic scores, including the fibrosis score (treatment difference, -0.5 [CI, -0.9 to 0.0]; P = 0.039);...",
l3-s2_49e15b5397b974e849dbb376857f22a0e0802ca7-sup-0,"In this work, rESULTS: In the study base, 3129 patients were identified and matched to 16976 controls (Graaf et al., 2004).","RESULTS: In the study base, 3129 patients were identified and matched to 16976 controls.",supported,"RESULTS: In the study base, 3129 patients were identified and matched to 16976 controls.","...ormones, and other lipid-lowering drug therapies. RESULTS: In the study base, 3129 patients were identified and matched to 16976 controls. Statin use was associated with a risk reduction of cancer of 20% (adjusted odds ratio [OR],...",
l3-s2_74edfe31554fdbe259296541e42d99ed4890039c-weak-2,"In this work, while several different learning style inventories have been used to assess health science education students, their utility for predicting learning outcomes to be weak (Childs‐Kean et al., 2020).","While several different learning style inventories have been used to assess health science education students, their utility for predicting learning outcomes to be weak.",weak,"While several different learning style inventories have been used to assess health science education students, their utility for predicting learning outcomes appears to be weak.","...r increasing self-awareness in learners. Summary. While several different learning style inventories have been used to assess health science education students, their utility for predicting learning outcomes appears to be weak. Us...",
l3-s2_d0ac6a89fe69cdb6dd4690f224de96e87469bb4e-ins-3,"Researchers reported that in nonfederal hospitals, growth in spending was driven primarily by increased prices for existing drugs (Schumock et al., 2016).","In nonfederal hospitals, growth in spending was driven primarily by increased prices for existing drugs.",insufficient_evidence,,"PURPOSE Historical trends and factors likely to influence future pharmaceutical expenditures are discussed, and projections are made for drug spending in 2016 in nonfederal hospita...",
l3-s2_d0ac6a89fe69cdb6dd4690f224de96e87469bb4e-nis-2,"the drug combination cured the disease in a double-blind phase III trial (Schumock et al., 2016).",the drug combination cured the disease in a double-blind phase III trial,not_in_source,,"PURPOSE Historical trends and factors likely to influence future pharmaceutical expenditures are discussed, and projections are made for drug spending in 2016 in nonfederal hospita...",
l3-s2_0230688ba4626741d8b438a035ff8368e30f190b-sup-0,"Researchers reported that in contrast, elevated triglyceride levels were associated with an increased risk (OR, 2.13; 95% CI, 1.34 to 3.37) for women with triglyceride levels >1.05 mmol/L compared with women with lower levels (Doggen et al., 2004).","In contrast, elevated triglyceride levels were associated with an increased risk (OR, 2.13; 95% CI, 1.34 to 3.37) for women with triglyceride levels >1.05 mmol/L compared with women with lower levels.",supported,"In contrast, elevated triglyceride levels were associated with an increased risk (OR, 2.13; 95% CI, 1.34 to 3.37) for women with triglyceride levels >1.05 mmol/L compared with women with lower levels.","....71; 95% confidence interval [CI], 0.52 to 0.97). In contrast, elevated triglyceride levels were associated with an increased risk (OR, 2.13; 95% CI, 1.34 to 3.37) for women with triglyceride levels >1.05 mmol/L compared with wome...",
l3-oa_w2017871657-sup-0,"Prior findings indicate with decreasing thickness, the indirect band gap, which lies below the direct gap in the bulk material, shifts upwards in energy by more than 0.6 eV (Mak et al., 2010).","With decreasing thickness, the indirect band gap, which lies below the direct gap in the bulk material, shifts upwards in energy by more than 0.6 eV.",supported,"With decreasing thickness, the indirect band gap, which lies below the direct gap in the bulk material, shifts upwards in energy by more than 0.6 eV.","...nfinement on the material's electronic structure. With decreasing thickness, the indirect band gap, which lies below the direct gap in the bulk material, shifts upwards in energy by more than 0.6 eV. This leads to a crossover to a...",
l3-s2_e6e032c820da834a3965193ad04bc06458defa20-con-1,"In this work, results Twelve studies involving 161082 participants were included (Jaam et al., 2021).",Results Twelve studies involving 161082 participants were included.,contradicted,Results Twelve studies involving 115058 participants were included.,...RO) under the registration number CRD42019116465. Results Twelve studies involving 115058 participants were included. The two main recipients of the educational interventions were nurses and resident physicians. Educational progra...,
l3-s2_b78339b97231ec4583b507349927df415e3f031e-sup-0,"Prior findings indicate finally, one case study was also discussed to understand the actual inside of the central composite design (Bhattacharya, 2021).","Finally, one case study was also discussed to understand the actual inside of the central composite design.",supported,"Finally, one case study was also discussed to understand the actual inside of the central composite design.","...design models in various experimental conditions. Finally, one case study was also discussed to understand the actual inside of the central composite design.",
l3-s2_49e15b5397b974e849dbb376857f22a0e0802ca7-nis-2,"The paper states that vaccination coverage reached 95% nationwide and eliminated the pathogen (Graaf et al., 2004).",vaccination coverage reached 95% nationwide and eliminated the pathogen,not_in_source,,PURPOSE: Several preclinical studies suggested a role for 3-hydroxy-3-methylglutaryl-coenzyme A reductase inhibitors (statins) in the treatment of cancer. The objective of this stu...,
l3-s2_0255395a39eedb388fd20d186813dad32c743cff-nis-3,"vaccination coverage reached 95% nationwide and eliminated the pathogen (Owen et al., 2020).",vaccination coverage reached 95% nationwide and eliminated the pathogen,not_in_source,,"The African American daughter of one of us called from New York City in early March, worried about her Hispanic partner’s health. Did his high fevers, worsening shortness of breath...",
l3-s2_06b7280ea8ca6bf93a2bdfcad1700994f625d876-sup-0,"Researchers reported that rESULTS: The overall prevalence of drug use was 74.53% (women 80.93%, men 67.84%) (Fernández-Liz et al., 2008).","RESULTS: The overall prevalence of drug use was 74.53% (women 80.93%, men 67.84%).",supported,"RESULTS: The overall prevalence of drug use was 74.53% (women 80.93%, men 67.84%).","...d cost issued to each age category were reported. RESULTS: The overall prevalence of drug use was 74.53% (women 80.93%, men 67.84%). This was higher in the group of 0-4 year-olds, and in the >or= 55 year-olds. Age (P < 0.001) prod...",
l3-s2_15efd68a5ff1d53fa0e0c0d32b9d856f8cdad819-sup-0,"In this work, results: Adults with CP (n=5,555) had higher prevalence and odds of all medical conditions compared to adults without CP (OR=1.3–5.8; all P<0.05), except cancer (OR=1.1; 95% CI=0.9–1.3) (Whitney et al., 2019).","Results: Adults with CP (n=5,555) had higher prevalence and odds of all medical conditions compared to adults without CP (OR=1.3–5.8; all P<0.05), except cancer (OR=1.1; 95% CI=0.9–1.3).",supported,"Results: Adults with CP (n=5,555) had higher prevalence and odds of all medical conditions compared to adults without CP (OR=1.3–5.8; all P<0.05), except cancer (OR=1.1; 95% CI=0.9–1.3).","...ed reimbursement and patient out-of-pocket costs. Results: Adults with CP (n=5,555) had higher prevalence and odds of all medical conditions compared to adults without CP (OR=1.3–5.8; all P<0.05), except cancer (OR=1.1; 95% CI=0.9...",
l3-s2_88f21db19aab8638052b23ebe77142f3afe679af-weak-3,"Prior findings indicate this poorly controlled group that was identified not be visible or accessible to other health-care professionals (Armour et al., 2011).",This poorly controlled group that was identified not be visible or accessible to other health-care professionals.,weak,This poorly controlled group that was identified may not be visible or accessible to other health-care professionals.,...d factors that contributed to this were elicited. This poorly controlled group that was identified may not be visible or accessible to other health-care professionals. There is an opportunity within pharmacies to target poorly con...,
l3-s2_dd1e547446efc39122eaf01d5d385ca56a985d60-nis-3,"The paper states that lunar cycle phase significantly predicted weekly stock index returns (Manal et al., 2023).",lunar cycle phase significantly predicted weekly stock index returns,not_in_source,,"Antibiotics cure infectious diseases however; their irrational use may devastate by way of microbial resistance, adverse drug reactions, and or worsening of the diseased conditions...",
l3-s2_6e81a901d53212f4631e595f5872674daa85e80d-sup-0,"The paper states that paracetamol release test showed higher drug diffusion for hydrogels produced with a ratio lignin:PEGDGE 1:1 (Culebras et al., 2021).",Paracetamol release test showed higher drug diffusion for hydrogels produced with a ratio lignin:PEGDGE 1:1.,supported,Paracetamol release test showed higher drug diffusion for hydrogels produced with a ratio lignin:PEGDGE 1:1.,... more hydrophilic groups in the hydrogel network. Paracetamol release test showed higher drug diffusion for hydrogels produced with a ratio lignin:PEGDGE 1:1. The obtained results demonstrate that the proposed approach is a promis...,
l3-oa_w2302501749-sup-0,"Researchers reported that the intent is that these may act as a guideline for those wishing to enhance the reusability of their data holdings (Wilkinson et al., 2016).",The intent is that these may act as a guideline for those wishing to enhance the reusability of their data holdings.,supported,The intent is that these may act as a guideline for those wishing to enhance the reusability of their data holdings.,"...les that we refer to as the FAIR Data Principles. The intent is that these may act as a guideline for those wishing to enhance the reusability of their data holdings. Distinct from peer initiatives that focus on the human scholar,...",
l3-s2_2214f615612e9bc3395c33d31e08f6900ffe1745-con-1,"This review presents a worldwide analysis of 185 reports of caffeine residues in freshwater environments (Li et al., 2020).",This review presents a worldwide analysis of 185 reports of caffeine residues in freshwater environments.,contradicted,This review presents a worldwide analysis of 132 reports of caffeine residues in freshwater environments.,...he anthropogenic inputs of PhACs in water bodies. This review presents a worldwide analysis of 132 reports of caffeine residues in freshwater environments. The results indicated that more than 70% of the studies reported were from...,
l3-s2_2761ecf3d22c0e003addd1ac96b5b7f2ea765def-nis-2,"Prior findings indicate blockchain adoption cut administrative costs by half across hospitals (Bukhari et al., 2020).",blockchain adoption cut administrative costs by half across hospitals,not_in_source,,"As the lockdowns are being observed all over the globe and the national level pharmacy professionals are performing frontline roles, this editorial highlights the role of pharmacis...",
l3-s2_a70d4e7414a881d8025b96d1c73ef0d399ed379e-supp-1,"Prior findings indicate the measure rose by 111% compared with baseline (Jann et al., 2014).",The measure rose by 111% compared with baseline,supported,Emergency department visits related to opioid analgesics increased by 111% followed by benzodiazepines 89%.,"...ed to benzodiazepines occurred from 1999 to 2009. Emergency department visits related to opioid analgesics increased by 111% followed by benzodiazepines 89%. During 2003 to 2009, the 2 prescriptions drugs with the highest increase...",
l3-s2_f820acfd4b56c85841168af8ed6dea4648bb7c1b-weak-1,"Prior findings indicate gums are carbohydrate biomolecules that have the to bind water and form gels (Amiri et al., 2021).",Gums are carbohydrate biomolecules that have the to bind water and form gels.,weak,Gums are carbohydrate biomolecules that have the potential to bind water and form gels.,Gums are carbohydrate biomolecules that have the potential to bind water and form gels. Gums are regularly linked with proteins and minerals in their construction. Gums have severa...,
l3-s2_fc7314343221ce382b85d97c6ba763e5bce37394-nis-2,"In this work, gene therapy restored full organ function in every treated patient (Wallace et al., 2020).",gene therapy restored full organ function in every treated patient,not_in_source,,Purpose and Objectives Emergency departments see a disproportionate share of low-income and uninsured patients. We developed and evaluated a process for identifying social needs am...,
l3-s2_72fb577880b85e5c22cd50a71747c5bc1b4f88ad-con-1,"Researchers reported that highlights • Vietnamese industrial workers suffer high risk of COVID-27.• Local health facilities, pharmacies to involve in detecting and reporting cases.• Local health gate-keepers to deliver appropriate COVID-19 response.• Having COVID-19 testing centers at or near industrial sites also reco","Highlights • Vietnamese industrial workers suffer high risk of COVID-27.• Local health facilities, pharmacies to involve in detecting and reporting cases.• Local health gate-keepers to deliver appropr",contradicted,"Highlights • Vietnamese industrial workers suffer high risk of COVID-19.• Local health facilities, pharmacies to involve in detecting and reporting cases.• Local health gate-keepers to deliver appropriate COVID-19 response.• Having COVID-19 testing centers at or near industrial sites also recommended.","Highlights • Vietnamese industrial workers suffer high risk of COVID-19.• Local health facilities, pharmacies to involve in detecting and reporting cases.• Local health gate-keeper...",
l3-s2_69afac644a25b352bccf438c9980fb7f434900cb-sup-0,"Prior findings indicate healthcare needs are constantly evolving, as demonstrated by COVID-19, and robots may assist in adapting to these changes (Morgan et al., 2022).","Healthcare needs are constantly evolving, as demonstrated by COVID-19, and robots may assist in adapting to these changes.",supported,"Healthcare needs are constantly evolving, as demonstrated by COVID-19, and robots may assist in adapting to these changes.","...ged from the hospital ward to inpatient pharmacy. Healthcare needs are constantly evolving, as demonstrated by COVID-19, and robots may assist in adapting to these changes. The future will involve increased telepresence and infras...",
l3-s2_e781619b51b8f78d5f590cc30a6048d685ed8ed8-sup-0,"Researchers reported that ""Seamless Care"" was one of 21 grants awarded by Health Canada to inform policymakers of the effectiveness of interprofessional education in promoting collaborative patient-centred practice among health professionals (Mann et al., 2009).","""Seamless Care"" was one of 21 grants awarded by Health Canada to inform policymakers of the effectiveness of interprofessional education in promoting collaborative patient-centred practice among healt",supported,"""Seamless Care"" was one of 21 grants awarded by Health Canada to inform policymakers of the effectiveness of interprofessional education in promoting collaborative patient-centred practice among health professionals.","""Seamless Care"" was one of 21 grants awarded by Health Canada to inform policymakers of the effectiveness of interprofessional education in promoting collaborative patient-centred ...",
l3-s2_ea9a5eac4d2604f3275484e1f867e1ce3cf050ac-sup-0,Researchers reported that the 2021-23American Association of Colleges of Pharmacy (AACP) Academic Affairs Committee (AAC) was charged with and completed the revision of the 2013 Center for the Advancement of Pharmacy Education (CAPE) Outcomes and the 2106 Entrustable Professional Activity (EPA) statements for new pharm,The 2021-23American Association of Colleges of Pharmacy (AACP) Academic Affairs Committee (AAC) was charged with and completed the revision of the 2013 Center for the Advancement of Pharmacy Education,supported,The 2021-23American Association of Colleges of Pharmacy (AACP) Academic Affairs Committee (AAC) was charged with and completed the revision of the 2013 Center for the Advancement of Pharmacy Education (CAPE) Outcomes and the 2106 Entrustable Professional Activity (EPA) statements for new pharmacy graduates.,The 2021-23American Association of Colleges of Pharmacy (AACP) Academic Affairs Committee (AAC) was charged with and completed the revision of the 2013 Center for the Advancement o...,
l3-s2_24a2ba9bb798f842552d5118fa1c65259e43b67a-sup-0,"Prior findings indicate the results of cost-benefit analyses suggested that general clinical pharmacy interventions are associated with cost savings (Rijdt et al., 2008).",The results of cost-benefit analyses suggested that general clinical pharmacy interventions are associated with cost savings.,supported,The results of cost-benefit analyses suggested that general clinical pharmacy interventions are associated with cost savings.,...re without adversely affecting clinical outcomes. The results of cost-benefit analyses suggested that general clinical pharmacy interventions are associated with cost savings. Most economic evaluations of clinical pharmacy interve...,
l3-s2_30732a603544fe75a070b2e1d8a79cf7084ad338-sup-0,"Researchers reported that hydrogels are playing an increasingly important role in medicine and pharmacy (Zagórska-Dziok & Sobczak, 2020).",Hydrogels are playing an increasingly important role in medicine and pharmacy.,supported,Hydrogels are playing an increasingly important role in medicine and pharmacy.,"Hydrogels are playing an increasingly important role in medicine and pharmacy. Due to their favorable physicochemical properties, biocompatibility, and designed interaction with li...",
l3-s2_8f28ebacc24c911eb7d8fc689d97f44dfe805507-sup-0,"The paper states that results Statewide stay-at-home orders had the strongest effect on reducing out-of-home mobility and increased the time people spent at home by an estimated 2.5 percentage points (15.2%) from before to after policies took effect (Abouk & Heydari, 2020).",Results Statewide stay-at-home orders had the strongest effect on reducing out-of-home mobility and increased the time people spent at home by an estimated 2.5 percentage points (15.2%) from before to,supported,Results Statewide stay-at-home orders had the strongest effect on reducing out-of-home mobility and increased the time people spent at home by an estimated 2.5 percentage points (15.2%) from before to after policies took effect.,"...es took effect during February 15–April 25, 2020. Results Statewide stay-at-home orders had the strongest effect on reducing out-of-home mobility and increased the time people spent at home by an estimated 2.5 percentage points (1...",
l3-s2_6cf80173948a1b5b375054f8fe982f51b76e13fd-sup-0,"RESULTS The literature search yielded 339 articles (Martin & Naziruddin, 2020).",RESULTS The literature search yielded 339 articles.,supported,RESULTS The literature search yielded 339 articles.,"...ent-factors associated with OSCE-related anxiety. RESULTS The literature search yielded 339 articles. Nine articles met eligibility criteria and were included in the review. Results included students from medical, pharmacy, dental...",
l3-oa_w130099911-ins-4,"The paper states that a total of 96.4% of the positive screening results in the low-dose CT group and 94.5% in the radiography group were false positive results (Aberle et al., 2011).",A total of 96.4% of the positive screening results in the low-dose CT group and 94.5% in the radiography group were false positive results.,insufficient_evidence,,BACKGROUND: The aggressive and heterogeneous nature of lung cancer has thwarted efforts to reduce mortality from this cancer through the use of screening. METHODS: From August 2002...,
l3-s2_81429179aeb992cb21cc82d5035fa57cce3943b0-con-1,"Researchers reported that METHODS: Interviewer administered pretested semistructured questionnaire was used to collect data from 288 market women selected by multistage sampling technique (Afolabi, 2008).",METHODS: Interviewer administered pretested semistructured questionnaire was used to collect data from 288 market women selected by multistage sampling technique.,contradicted,METHODS: Interviewer administered pretested semistructured questionnaire was used to collect data from 205 market women selected by multistage sampling technique.,"...ket women in Ifako-Ijaiye area of Lagos, Nigeria. METHODS: Interviewer administered pretested semistructured questionnaire was used to collect data from 205 market women selected by multistage sampling technique. RESULTS: The pate...",
l3-s2_bc675b4c1dee6708837e670a9e3162a2f54e1b5f-con-1,"In this work, a statistically significant improvement was identified in their knowledge level (p<0.15), attitude towards readiness for interprofessional learning, team learning, and perceived collective efficacy (p<0.001) (Wong et al., 2017).","A statistically significant improvement was identified in their knowledge level (p<0.15), attitude towards readiness for interprofessional learning, team learning, and perceived collective efficacy (p",contradicted,"A statistically significant improvement was identified in their knowledge level (p<0.001), attitude towards readiness for interprofessional learning, team learning, and perceived collective efficacy (p<0.001).","...ts (9 male, 31 female) participated in the study. A statistically significant improvement was identified in their knowledge level (p<0.001), attitude towards readiness for interprofessional learning, team learning, and perceived c...",
l3-s2_0ae58fddbb80f171e4271cf130551ad755d3bc94-nis-3,"Prior findings indicate air pollution levels were unrelated to any respiratory outcomes (Chung et al., 2005).",air pollution levels were unrelated to any respiratory outcomes,not_in_source,,"PURPOSE: To establish evidence of activity, or lack thereof, of cetuximab-based therapy in patients with refractory colorectal cancer with tumors that do not demonstrate epidermal ...",
l3-s2_4b934a53848695daab9aa43427eb0e1b157f8d57-sup-0,"RESULTS We identified 61,715 pharmacies, including 37,954 (61.5%) chains, 23,521 (38.1%) regional franchises or independently owned pharmacies, and 240 (0.4%) government pharmacies (Berenbrok et al., 2022).","RESULTS We identified 61,715 pharmacies, including 37,954 (61.5%) chains, 23,521 (38.1%) regional franchises or independently owned pharmacies, and 240 (0.4%) government pharmacies.",supported,"RESULTS We identified 61,715 pharmacies, including 37,954 (61.5%) chains, 23,521 (38.1%) regional franchises or independently owned pharmacies, and 240 (0.4%) government pharmacies.","...in providing access across degrees of urbanicity. RESULTS We identified 61,715 pharmacies, including 37,954 (61.5%) chains, 23,521 (38.1%) regional franchises or independently owned pharmacies, and 240 (0.4%) government pharmacies...",
l3-oa_w377384883-sup-0,"Prior findings indicate several of the data display strategies from previous editions are now presented in re-envisioned and reorganized formats to enhance reader accessibility and comprehension (Miles et al., 2014).",Several of the data display strategies from previous editions are now presented in re-envisioned and reorganized formats to enhance reader accessibility and comprehension.,supported,Several of the data display strategies from previous editions are now presented in re-envisioned and reorganized formats to enhance reader accessibility and comprehension.,...of The Coding Manual for Qualitative Researchers. Several of the data display strategies from previous editions are now presented in re-envisioned and reorganized formats to enhance reader accessibility and comprehension. The Thir...,
l3-s2_cf49f6be49010749d073735d2a1eeb8a952d0b73-nis-2,"In this work, the drug combination cured the disease in a double-blind phase III trial (Elouafkaoui et al., 2016).",the drug combination cured the disease in a double-blind phase III trial,not_in_source,,"Background Dentists prescribe approximately 10% of antibiotics dispensed in UK community pharmacies. Despite clear clinical guidance, dentists often prescribe antibiotics inappropr...",
l3-s2_d9f5f6c2404c6313eab3898e65193cd30ec0c394-sup-0,"The role in health promotion has its origins in the traditional advisory role of the pharmacist, which largely died out following the establishment of the National Health Service in 1948, and was resurrected only following ministerial intervention in 1981 (Anderson, 2007).","The role in health promotion has its origins in the traditional advisory role of the pharmacist, which largely died out following the establishment of the National Health Service in 1948, and was resu",supported,"The role in health promotion has its origins in the traditional advisory role of the pharmacist, which largely died out following the establishment of the National Health Service in 1948, and was resurrected only following ministerial intervention in 1981.","...public health issues such as health inequalities. The role in health promotion has its origins in the traditional advisory role of the pharmacist, which largely died out following the establishment of the National Health Service i...",
l3-s2_add2cd07f7476b1e8e053ba719b878290c76dd88-weak-2,"In this work, the study also showed that supervision has a positive effect on improving performance in areas other than those supervised, and demonstrated that pharmacy technicians with clinical skills can be trained to influence primary health care workers to positively improve prescribing practices (Trap et al., 2001","The study also showed that supervision has a positive effect on improving performance in areas other than those supervised, and demonstrated that pharmacy technicians with clinical skills can be train",weak,"The study also showed that supervision has a positive effect on improving performance in areas other than those supervised, and demonstrated that pharmacy technicians with limited clinical skills can be trained to influence primary health care workers to positively improve prescribing practices.","...the effect was confounded by other interventions. The study also showed that supervision has a positive effect on improving performance in areas other than those supervised, and demonstrated that pharmacy technicians with limited ...",
l3-s2_03eed86345ff7278367ba2259f83355fc3acf885-sup-0,"In this work, future research should assess scalability, cost-effectiveness and sustainability of these PrEP delivery platforms, as well as focus on ways to simplify PrEP provision (Rousseau et al., 2021).","Future research should assess scalability, cost-effectiveness and sustainability of these PrEP delivery platforms, as well as focus on ways to simplify PrEP provision.",supported,"Future research should assess scalability, cost-effectiveness and sustainability of these PrEP delivery platforms, as well as focus on ways to simplify PrEP provision.","...ke and continued use barriers in key populations. Future research should assess scalability, cost-effectiveness and sustainability of these PrEP delivery platforms, as well as focus on ways to simplify PrEP provision.",
l3-s2_711fdf3259d3bafd971a1e2a818880edd6d1c7ef-weak-2,"Prior findings indicate much of this observed association to be nonetiologic (Glynn et al., 2001).",Much of this observed association to be nonetiologic.,weak,Much of this observed association appears to be nonetiologic.,"...onhospitalized cohort of 132,071 elderly persons. Much of this observed association appears to be nonetiologic. These findings raise concerns about using observational studies in high-risk populations to infer associations between...",
l3-s2_a0909a919b9c2390471f3bd151b2319c6cf8a663-nis-2,"the drug combination cured the disease in a double-blind phase III trial (Austin & Gregory, 2020).",the drug combination cured the disease in a double-blind phase III trial,not_in_source,,"Background As a result of the COVID-19 pandemic, there has been a significant disruption of the practice of pharmacy. Importantly, in many parts of the world, this disruption occur...",
l3-s2_860b72c647c3eb6b5ec8d6bca6e1c472604df754-nis-2,"Prior findings indicate vaccination coverage reached 95% nationwide and eliminated the pathogen (Lazzerini & Putoto, 2020).",vaccination coverage reached 95% nationwide and eliminated the pathogen,not_in_source,,"On March 10, at 00:30 h, the official news was posted on the website of the Italian Ministry of Health: a new decree effective until at least April 3 limits the movement of individ...",
l3-oa_w3217097258-sup-0,"Researchers reported that revisions will be made available to registered users over the World Wide Web at (Swofford, 2001).",Revisions will be made available to registered users over the World Wide Web at,supported,Revisions will be made available to registered users over the World Wide Web at,... A much more user-friendly manual is in progress. Revisions will be made available to registered users over the World Wide Web at,
l3-s2_6faf13b4123d26248d8c6d89b83b05d36c4ce287-nis-2,"The paper states that the drug combination cured the disease in a double-blind phase III trial (Tangcharoensathien et al., 2018).",the drug combination cured the disease in a double-blind phase III trial,not_in_source,,"Inappropriate use of antibiotics in humans and agriculture is one of the drivers1 of the emergence of antimicrobial resistance. The prevalence of penicillinresistant pneumococci, m...",
l3-oa_w2158672897-sup-0,"Journal of the American Statistical Association: Vol (Davidian, 2003).",Journal of the American Statistical Association: Vol.,supported,Journal of the American Statistical Association: Vol.,"...r Models: Applications and Data Analysis Methods. Journal of the American Statistical Association: Vol. 98, No. 463, pp. 767-768.",
l3-s2_998fdbb4f416eed8bbad8a29a2b2c369f24431ee-sup-0,"Fifty patients had vaccination without monitoring of antibodies, 80 patients are planned to be vaccinated within the next month, and 257 patients (Marion et al., 2021).","Fifty patients had vaccination without monitoring of antibodies, 80 patients are planned to be vaccinated within the next month, and 257 patients",supported,"Fifty patients had vaccination without monitoring of antibodies, 80 patients are planned to be vaccinated within the next month, and 257 patients","... 8) and had anti–SARS-CoV-2 antibodies monitored. Fifty patients had vaccination without monitoring of antibodies, 80 patients are planned to be vaccinated within the next month, and 257 patients",
l3-s2_0d297e73df21c145373e07c2ecc967a15b0bf6a4-nis-2,"Prior findings indicate vaccination coverage reached 95% nationwide and eliminated the pathogen (Miller et al., 2015).",vaccination coverage reached 95% nationwide and eliminated the pathogen,not_in_source,,BackgroundThe emergence of community-associated methicillin-resistant S. aureus was associated with dramatically increased skin and soft tissue infection (SSTI) incidence in the fi...,
l3-s2_4d99c62001318bd3ee612028c30b858777ed49f5-weak-2,"Researchers reported that this be due to elevated fibrinogen levels induced by Amicar (Florentino-Pineda et al., 2004).",This be due to elevated fibrinogen levels induced by Amicar.,weak,This may be due to elevated fibrinogen levels induced by Amicar.,...dominantly in the postoperative suction drainage. This may be due to elevated fibrinogen levels induced by Amicar. The patients taking Amicar had no intraoperative or postoperative thromboembolic complications. CONCLUSIONS: The re...,
l3-s2_98fbd28280b161a96090caa521a2e26a10c71516-nis-2,"blockchain adoption cut administrative costs by half across hospitals (Díez-Pascual & Rahdar, 2022).",blockchain adoption cut administrative costs by half across hospitals,not_in_source,,"Nanomaterials, that is, materials made up of individual units between 1 and 100 nanometers, have lately involved a lot of attention since they offer a lot of potential in many fiel...",
l3-oa_w2130403046-sup-0,"Prior findings indicate for different application areas, there are different technical issues that researchers are currently resolving (Akyildiz et al., 2002).","For different application areas, there are different technical issues that researchers are currently resolving.",supported,"For different application areas, there are different technical issues that researchers are currently resolving.","...application areas (e.g., health, military, home). For different application areas, there are different technical issues that researchers are currently resolving. The current state of the art of sensor networks is captured in this ...",
l3-oa_w2520432709-sup-0,"The paper states that oF DIABETES MELLITUS -Diabetes is a group of metabolic diseases characterized by hyperglycemia resulting from defects in insulin secretion, insulin action, or both (Association, 2010).","OF DIABETES MELLITUS -Diabetes is a group of metabolic diseases characterized by hyperglycemia resulting from defects in insulin secretion, insulin action, or both.",supported,"OF DIABETES MELLITUS -Diabetes is a group of metabolic diseases characterized by hyperglycemia resulting from defects in insulin secretion, insulin action, or both.","OF DIABETES MELLITUS -Diabetes is a group of metabolic diseases characterized by hyperglycemia resulting from defects in insulin secretion, insulin action, or both. The chronic hyp...",
l3-s2_35a7ecbb505fa66e2c21bf04b6419d9ee78455a5-sup-0,"The paper states that aI has come a long way in healthcare, having played significant roles in data and information storage and management – such as patient medical histories, medicine stocks, sale records, and so on; automated machines; software and computer applications like diagnostic tools such as MRI radiation tec","AI has come a long way in healthcare, having played significant roles in data and information storage and management – such as patient medical histories, medicine stocks, sale records, and so on; auto",supported,"AI has come a long way in healthcare, having played significant roles in data and information storage and management – such as patient medical histories, medicine stocks, sale records, and so on; automated machines; software and computer applications like diagnostic tools such as MRI radiation technology, CT diagnosis ","...ucation, accounting, business, health, and so on. AI has come a long way in healthcare, having played significant roles in data and information storage and management – such as patient medical histories, medicine stocks, sale reco...",
l3-s2_69ccda50a1bd8a49cf4aca426bb97779331b1cc7-weak-2,"It that community pharmacy is not sufficiently represented at a local level (Dineen-Griffin et al., 2020).",It that community pharmacy is not sufficiently represented at a local level.,weak,It appears that community pharmacy is not sufficiently represented at a local level.,...panding skills are embraced rather than resisted. It appears that community pharmacy is not sufficiently represented at a local level. Current service remuneration models encourage a volume approach. While more complex services an...,
l3-s2_2c3e5eb392b1729017d20eba6cc7bbae7cf061dd-nis-2,"Researchers reported that vaccination coverage reached 95% nationwide and eliminated the pathogen (Schirm et al., 2000).",vaccination coverage reached 95% nationwide and eliminated the pathogen,not_in_source,,"AIMS: : To determine the extent of drug use in children and the types of drugs that children use. METHODS Cross-sectional study and cohort study, using computerized pharmacy dispen...",
